,pNUMB_N,RAPTOR_N,TIAM1_N,pP70S6_N,NUMB_N,P70S6_N,pGSK3B_N,pPKCG_N
count,1077.0,1077.0,1077.0,1077.0,1080.0,1080.0,1080.0,1080.0
mean,0.35709466109563603,0.31581277419127207,0.4186053625701021,0.3944752972042711,0.18108010031296295,0.9431160957925926,0.16121101842592594,1.7065987243722223
std,0.06302528262770994,0.05416272693357812,0.06728792182955837,0.15617016059036937,0.029296375668390773,0.1728376510706403,0.019307942446140546,0.5784422989977455
min,0.185597624,0.194824478,0.237777071,0.131119792,0.117998506,0.344119778,0.099975851,0.598766552
25%,0.312766352,0.276127416,0.371976267,0.281089893,0.15933428875,0.82674168525,0.14925318325,1.296830175
50%,0.347356664,0.304897314,0.407199536,0.377700087,0.1782350315,0.931282602,0.16021217999999998,1.66456005
75%,0.39269275,0.34733066,0.455988954,0.481117825,0.197237024,1.04514500175,0.17173919225,2.11297270075
max,0.631052204,0.526681402,0.722121604,1.129171461,0.316575348,1.679953156,0.253210088,3.381976285
